{
  "generatedBy": "Microsoft.NET.Sdk.Functions-3.0.11",
  "configurationSource": "attributes",
  "bindings": [
    {
      "type": "blobTrigger",
      "connection": "%nsgSourceDataAccount%",
      "path": "%blobContainerName%/resourceId=/SUBSCRIPTIONS/{subId}/RESOURCEGROUPS/{resourceGroup}/PROVIDERS/MICROSOFT.NETWORK/NETWORKSECURITYGROUPS/{nsgName}/y={blobYear}/m={blobMonth}/d={blobDay}/h={blobHour}/m={blobMinute}/macAddress={mac}/PT1H.json",
      "name": "myBlob"
    }
  ],
  "disabled": false,
  "scriptFile": "../bin/NSGFlowLogs.dll",
  "entryPoint": "NSGFlowLogs.BlobTriggerIngestAndTransmit.Run"
}