{
  "generatedBy": "Microsoft.NET.Sdk.Functions-3.0.11",
  "configurationSource": "attributes",
  "bindings": [
    {
      "type": "httpTrigger",
      "route": "rescan/resourceId=/SUBSCRIPTIONS/{subId}/RESOURCEGROUPS/{resourceGroup}/PROVIDERS/MICROSOFT.NETWORK/NETWORKSECURITYGROUPS/{nsgName}/y={blobYear}/m={blobMonth}/d={blobDay}/h={blobHour}/m={blobMinute}/macAddress={mac}/PT1H.json",
      "methods": [
        "get"
      ],
      "authLevel": "anonymous",
      "name": "req"
    }
  ],
  "disabled": false,
  "scriptFile": "../bin/NSGFlowLogs.dll",
  "entryPoint": "NSGFlowLogs.RescanAPI.Run"
}